"","ID","username","category"
"1",1,"420doggface208","Viral"
"2",2,"_arishfakhan_","Famous"
"3",3,"_awa_de_horchata","Viral"
"4",4,"_chloe_aesthetics","ForYou"
"5",5,"_mochafrappe_","ForYou"
"6",6,"abelcarden","ForYou"
"7",7,"alliesparks","ForYou"
"8",8,"angryreactions","ForYou"
"9",9,"arianagrande","Famous"
"10",10,"aryanverma_001","ForYou"
"11",11,"atul_bhoyar_","ForYou"
"12",12,"avani","Famous"
"13",13,"avneetkaur_13","Famous"
"14",14,"awezdarbar","Famous"
"15",15,"babyariel","Famous"
"16",16,"bellapoarch","Famous"
"17",17,"brentrivera","Famous"
"18",18,"brittany_broski","Viral"
"19",19,"calebcutler","Viral"
"20",20,"camilo","Famous"
"21",21,"charlidamelio","Famous"
"22",22,"charlieputh","Viral"
"23",23,"chiroseattle","Viral"
"24",24,"chrissycanthearyou","Viral"
"25",25,"cutybeautykhan","Famous"
"26",26,"cznburak","Famous"
"27",27,"davidbeck","ForYou"
"28",28,"daviddobrik","Viral"
"29",29,"dixiedamelio","Famous"
"30",30,"dobretwins","Famous"
"31",31,"domelipa","Famous"
"32",32,"drleslie","Viral"
"33",33,"edjcontreras","ForYou"
"34",34,"faisu_07_blocch","Famous"
"35",35,"flossybaby","Viral"
"36",36,"funnyjuicebox","ForYou"
"37",37,"furryfritz","ForYou"
"38",38,"garett_nolan","ForYou"
"39",39,"gilmhercroes","Famous"
"40",40,"hamster_land","ForYou"
"41",41,"hannahstocking","Famous"
"42",42,"hartyt_","Viral"
"43",43,"herecomedatkush","Viral"
"44",44,"iamtabithabrown","Viral"
"45",45,"ignaciaa_antonia","Famous"
"46",46,"imkevinhart","Famous"
"47",47,"inoxiasounds","ForYou"
"48",48,"itsavage","ForYou"
"49",49,"itsjojosiwa","Famous"
"50",50,"itsnastynaz","ForYou"
"51",51,"itsniane","ForYou"
"52",52,"itsyurrboiameer","ForYou"
"53",53,"jacobsartorius","Famous"
"54",54,"jade13tr","Viral"
"55",55,"jamescharles","Famous"
"56",56,"jashlem","Famous"
"57",57,"jasoncoffee","Famous"
"58",58,"jasonderulo","Famous"
"59",59,"jaydencroes","Famous"
"60",60,"jaykindafunny8","ForYou"
"61",61,"jayleennina","Viral"
"62",62,"jiffpom","Famous"
"63",63,"joealbanese","Famous"
"64",64,"joshrichards","Famous"
"65",65,"josimartineze__","Famous"
"66",66,"junya1gou","Famous"
"67",67,"justinbieber","Famous"
"68",68,"justmaiko","Famous"
"69",69,"kidkneesothran","Viral"
"70",70,"kingbach","Famous"
"71",71,"kirakosarin","Famous"
"72",72,"kittenmeow555","ForYou"
"73",73,"korasplanet","ForYou"
"74",74,"kuhleeuh","Viral"
"75",75,"kylethomas","Famous"
"76",76,"larrayeeee","Famous"
"77",77,"laurengodwin","Famous"
"78",78,"lelepons","Famous"
"79",79,"lepulu","ForYou"
"80",80,"lilhuddy","Famous"
"81",81,"lizemopetey","Viral"
"82",82,"lorengray","Famous"
"83",83,"mackenzieziegler","Famous"
"84",84,"makayladid","Viral"
"85",85,"malorielynn14","Viral"
"86",86,"marythecrazyheadcat","ForYou"
"87",87,"mattstauffer3","ForYou"
"88",88,"minecraft_noon","ForYou"
"89",89,"miso_ara","ForYou"
"90",90,"mmmjoemele","ForYou"
"91",91,"mr_faisal_.07","Famous"
"92",92,"myhealthydish","Viral"
"93",93,"nabela","Viral"
"94",94,"nailartistkim","ForYou"
"95",95,"naimdarrechi","Famous"
"96",96,"namenimsand","ForYou"
"97",97,"nevschulman","Viral"
"98",98,"nianaguerrero","Famous"
"99",99,"nintendo.grl","ForYou"
"100",100,"nishaguragain","Famous"
"101",101,"noahbeck","Famous"
"102",102,"notoriouscree","Viral"
"103",103,"ohbukster","Viral"
"104",104,"ondreazlopez","Famous"
"105",105,"piyanka_mongia","Famous"
"106",106,"pudgywoke","ForYou"
"107",107,"reimarito","ForYou"
"108",108,"riyaz.14","Famous"
"109",109,"romper","ForYou"
"110",110,"sameeksha_sud","Famous"
"111",111,"sammielewiss","Viral"
"112",112,"samuelgrubbs","ForYou"
"113",113,"sarahseyoung","Viral"
"114",114,"savv.labrant","Famous"
"115",115,"siennamae","Viral"
"116",116,"spencerx","Famous"
"117",117,"staysafeladiess","ForYou"
"118",118,"stokestwins","Famous"
"119",119,"talordinh","ForYou"
"120",120,"taylorcassidyj","Viral"
"121",121,"team2moms","Viral"
"122",122,"teena_thach","Viral"
"123",123,"texasbeeworks","ForYou"
"124",124,"thejulianbass","Viral"
"125",125,"therock","Famous"
"126",126,"tonylopez","Famous"
"127",127,"troyallen","ForYou"
"128",128,"vincentmarson","ForYou"
"129",129,"waivinci","ForYou"
"130",130,"wigofellas","Famous"
"131",131,"wildcatridgesanctuary","ForYou"
"132",132,"willsmith","Viral"
"133",133,"wisdm8","Viral"
"134",134,"zachkings","Famous"
"135",135,"zachv_pat","Viral"
"136",136,"zeezee25","ForYou"
